external_temp,recommended_temp,Has_Milk,Has_Curd,Has_Butter,Has_Cheese,Has_Ice cream,Has_Yogurt,Has_Paneer,Has_Flavored milk,Has_Cream,Has_Lassi,Has_Kefir,Has_Ghee
13.44718741995636,3.0,0,1,0,0,0,0,1,0,0,0,0,0
4.7958828351925025,3.5,0,1,0,0,0,0,0,0,0,0,1,0
7.774812465979117,3.0,1,0,0,0,0,0,1,1,1,0,0,0
1.6937250163221371,-17.5,0,0,0,0,1,0,0,0,0,0,0,0
26.018937577787,3.0,0,0,0,1,0,1,0,0,0,0,0,0
-6.406197171791192,4.0,1,0,1,1,0,0,0,0,1,0,0,0
-7.787533909307333,4.0,0,0,0,0,0,0,0,0,1,0,0,0
24.805896620429273,3.0,0,1,0,0,0,1,0,0,0,1,0,0
29.43922319449534,3.5,0,1,1,0,0,1,0,0,0,0,0,0
16.093106018336478,-18.0,0,0,0,0,1,0,0,0,0,0,0,0
37.41626436557696,2.5,1,0,0,0,0,1,0,0,0,0,0,0
33.12607035775024,3.0,1,0,1,1,0,0,0,1,0,0,0,0
26.746439760013537,2.0,0,0,0,0,0,0,0,1,0,0,0,0
33.03950608598272,3.0,0,1,0,0,0,0,0,0,0,0,0,0
24.581008251904258,3.0,0,1,0,0,0,0,0,1,0,0,0,0
36.90060285844046,3.0,0,0,0,0,0,1,0,0,0,0,0,0
-3.30972551523638,3.5,1,0,0,0,0,1,0,0,0,0,0,0
30.04403631923053,2.0,0,0,0,0,0,0,0,0,0,0,1,0
11.64955166531648,3.5,0,0,0,0,0,1,0,0,0,0,0,0
25.291253595386465,-18.5,0,0,0,0,1,0,0,0,0,0,0,0
1.40033107184124,23.0,0,0,0,0,0,0,0,0,0,0,0,1
-9.629934808373315,4.0,1,1,1,0,0,0,0,0,0,0,0,0
29.71546843537778,3.0,0,0,0,0,0,0,0,0,1,0,0,0
-4.721258886213283,4.5,0,0,1,0,0,1,0,0,0,0,0,0
7.751513014559972,3.0,0,0,0,1,0,0,0,0,0,1,1,0
-4.199284561031909,3.5,0,0,0,0,0,1,0,1,0,0,0,0
4.491471058773337,3.5,0,1,0,1,0,0,0,0,1,0,1,0
11.234631913145435,2.5,1,0,0,0,0,0,0,0,0,0,0,0
28.859831670490927,2.5,0,0,0,1,0,0,1,0,0,1,1,0
-5.958662380598669,3.5,1,1,0,0,0,0,0,1,0,1,0,0
39.50273993989446,3.0,1,0,1,0,0,0,0,0,0,1,0,0
4.735641508297926,3.5,0,1,0,0,0,1,1,0,0,0,0,0
-3.0064071932718397,3.5,0,0,0,0,0,0,1,1,1,0,0,0
-7.888771060251139,-17.5,0,0,0,0,1,0,0,0,0,0,0,0
7.453967661739057,3.5,0,1,0,0,0,0,0,0,0,0,0,0
34.47533225431586,2.5,1,0,0,0,0,1,0,0,0,0,1,0
27.069004611148628,2.5,0,0,0,0,0,1,0,0,0,1,0,0
34.46060379135459,2.5,1,1,0,0,0,0,1,0,0,0,0,0
-0.1385948451877752,4.0,0,0,0,1,0,0,0,0,0,0,0,0
13.389409958491527,4.0,0,0,1,1,0,0,0,0,0,0,0,0
34.847457959063426,2.5,1,1,0,0,0,0,0,0,0,0,0,0
-0.3074906423069148,4.0,0,0,0,0,0,1,0,0,0,0,0,0
10.714273860395423,3.5,0,0,1,1,0,0,1,0,1,0,0,0
18.047592628956792,4.0,0,0,1,1,0,0,0,0,0,0,0,0
-3.815682433431946,3.5,1,0,0,0,0,1,0,0,0,0,0,0
10.85354441345623,-18.0,0,0,0,0,1,0,0,0,0,0,0,0
-5.172483070566888,4.0,0,0,0,0,0,1,0,0,0,0,0,0
31.699242804085543,3.5,0,0,1,0,0,1,0,0,0,0,0,0
-9.89418731173516,5.0,0,0,1,0,0,0,0,0,0,0,0,0
-4.750736528703422,4.0,0,0,0,1,0,0,0,0,0,0,0,0
4.91474057665979,4.0,0,1,0,0,0,0,0,0,1,0,0,0
30.834454076733444,3.0,0,0,0,1,0,0,0,0,0,0,0,0
32.150899079861304,2.5,1,0,0,0,0,0,1,0,1,0,1,0
23.1077460340977,3.0,1,0,0,1,0,1,0,0,1,0,0,0
27.552239702363146,-18.5,0,0,0,0,1,0,0,0,0,0,0,0
14.393350334934688,3.0,0,0,0,1,0,0,1,0,0,0,0,0
20.727544551956065,2.5,0,0,0,0,0,0,0,0,0,1,0,0
9.790379843556348,3.0,0,0,0,1,0,1,0,0,0,0,1,0
3.5734397547235535,3.0,0,0,0,0,0,0,0,0,0,1,0,0
-7.408701012466336,3.5,0,1,0,1,0,1,0,1,0,0,0,0
30.480501986089344,2.0,1,0,0,0,0,0,0,0,0,0,0,0
28.609086614299883,2.5,0,1,0,0,0,0,1,0,1,0,1,0
-7.841841399957868,3.5,0,0,0,0,0,1,1,1,0,0,0,0
0.6620918746362481,4.5,0,0,1,1,0,0,0,0,0,0,0,0
-9.693827872342133,3.5,0,1,0,0,0,1,0,0,0,1,0,0
26.042880707961174,3.0,0,0,0,1,0,0,0,0,0,0,0,0
-9.862217764789484,3.5,0,0,0,0,0,0,0,0,1,0,1,0
15.733624438997321,3.0,1,0,0,1,0,0,0,0,0,0,0,0
25.16846843287947,3.0,0,0,0,0,0,1,0,0,0,0,0,0
18.235378867630402,3.0,0,0,0,0,0,0,0,1,1,1,0,0
27.854265154184574,3.0,0,0,0,0,0,1,0,0,0,0,0,0
25.71920190162897,3.0,0,0,1,0,0,0,1,0,0,1,0,0
11.2487631590507,3.5,0,1,0,0,0,0,0,0,1,0,0,0
16.76399310814964,3.5,0,0,1,0,0,0,1,0,0,0,0,0
25.65856606463656,3.0,0,0,0,0,0,0,0,0,1,0,0,0
9.585903725716925,3.0,0,0,0,0,0,0,0,0,1,1,0,0
15.5392226636462,2.5,0,0,0,0,0,0,0,0,0,0,1,0
18.500397412974777,2.5,1,0,0,0,0,0,1,0,0,1,0,0
13.084429589043744,3.5,0,0,0,1,0,0,0,0,0,0,0,0
-4.475590530282255,3.0,0,0,0,0,0,0,0,0,0,0,1,0
-5.868540752503339,3.5,0,1,0,0,0,1,0,0,0,1,0,0
-8.936030455739022,3.5,0,0,0,0,0,1,0,1,0,0,0,0
21.81532601170082,3.5,0,0,1,1,0,0,0,0,0,1,1,0
27.18814265884155,2.5,1,0,0,0,0,1,0,0,0,0,1,0
39.900083200511894,3.0,0,0,0,1,0,0,0,0,0,0,0,0
35.475263742062275,2.0,1,0,0,0,0,0,0,0,0,0,0,0
27.447188187573296,2.5,0,1,0,0,0,0,0,1,0,0,0,0
-1.4971489872698047,3.0,0,0,0,0,0,0,1,1,0,0,0,0
18.56747405516254,3.0,0,0,0,0,0,1,1,0,0,0,1,0
-9.885923507732526,3.0,0,0,0,0,0,0,0,0,0,1,0,0
-0.7649491454048434,3.0,0,0,0,0,0,0,0,0,0,0,1,0
-8.030480499562083,4.0,0,1,1,0,0,0,0,1,0,0,0,0
-1.368847428806216,3.5,0,0,0,0,0,0,1,0,1,1,1,0
1.0269235196292499,4.0,0,0,0,1,0,0,0,0,0,0,0,0
-2.2534158175439822,3.0,0,0,0,0,0,0,0,0,0,1,0,0
-4.561807833361577,3.5,0,0,0,1,0,0,0,0,0,1,0,0
9.517226176603568,2.5,0,0,0,0,0,0,0,1,0,0,1,0
35.38431880523614,3.0,0,1,1,0,0,1,0,0,0,0,1,0
21.213258859685954,2.5,0,0,0,0,0,0,1,0,0,0,0,0
0.3458002897280359,4.0,0,0,1,1,0,0,0,0,0,1,0,0
32.20089130939261,2.0,0,0,0,0,0,0,0,0,0,1,0,0
38.538559305479744,4.0,0,0,1,0,0,0,0,0,0,0,0,0
-2.726080406424999,4.0,1,0,1,0,0,0,0,0,0,0,0,0
-5.026936331621181,4.0,0,1,0,1,0,0,0,0,0,0,0,0
21.07864008484406,3.5,0,1,0,0,0,0,0,0,0,0,0,0
36.694209106076784,2.0,0,0,0,0,0,0,1,0,0,1,0,0
21.140118141678112,2.5,0,0,0,0,0,0,0,0,0,0,1,0
30.66410954134743,3.0,0,0,0,1,0,1,0,0,0,0,0,0
-9.312344441200922,4.0,0,0,0,1,0,0,0,0,0,0,0,0
15.844523830026656,22.5,0,0,0,0,0,0,0,0,0,0,0,1
20.424916637628414,2.5,1,0,0,0,0,0,0,0,0,1,0,0
12.787466779473291,2.5,0,0,0,0,0,0,1,1,0,0,0,0
12.872297114509621,4.5,0,0,1,0,0,0,0,0,0,0,0,0
9.577314513913933,3.0,0,1,0,0,0,0,0,1,1,0,0,0
0.11421625280574688,3.5,0,1,0,0,0,1,0,0,1,0,1,0
30.513693665015523,2.5,1,0,0,1,0,0,1,0,1,0,0,0
35.746047371541714,2.0,0,0,0,0,0,0,1,0,0,1,1,0
4.278273147140663,5.0,0,0,1,0,0,0,0,0,0,0,0,0
23.715449224953012,4.5,0,0,1,0,0,0,0,0,0,0,0,0
35.70786556731334,2.5,0,0,0,1,0,0,1,0,0,1,1,0
-3.462181822077028,3.0,1,0,0,0,0,0,0,0,0,1,1,0
33.952483357530056,3.0,0,0,0,0,0,0,0,0,1,0,0,0
-9.714614844320536,3.0,0,0,0,0,0,0,1,0,0,1,0,0
11.52727765913301,3.0,0,0,0,1,0,0,0,0,0,1,0,0
15.168951870627765,3.0,0,0,0,1,0,1,0,0,0,0,1,0
28.37095247599283,3.0,0,0,0,0,0,0,0,0,1,0,0,0
14.504629147869299,2.5,0,0,0,0,0,0,0,0,0,0,1,0
-2.1825488729200284,4.0,0,0,0,0,0,0,0,0,1,0,0,0
-1.9198464759743317,3.0,0,0,0,0,0,0,1,0,0,0,0,0
-0.6988294263093682,23.0,0,0,0,0,0,0,0,0,0,0,0,1
0.634701915615647,3.5,0,0,0,0,0,1,0,1,0,0,1,0
-3.3135285185535572,3.0,0,0,0,0,0,0,1,0,0,0,0,0
1.156560037494895,4.0,0,0,0,0,0,0,0,0,1,0,0,0
16.76335310409611,2.5,0,0,0,0,0,0,0,0,0,1,0,0
-0.20321070712136802,4.0,0,1,1,0,0,0,1,1,0,0,0,0
16.0465033987521,2.5,0,0,0,0,0,0,0,1,0,0,0,0
4.849771094221287,4.0,0,1,0,0,0,0,0,0,0,0,0,0
16.39339555992449,4.5,0,0,1,0,0,0,0,0,0,0,0,0
10.774060073183616,3.5,0,1,0,0,0,0,0,0,0,0,0,0
-8.639823187735631,4.0,0,1,0,0,0,0,0,0,0,0,0,0
-2.351642594669025,4.0,0,0,1,0,0,0,0,0,0,1,0,0
34.148744556731515,3.0,0,0,0,0,0,0,0,0,1,0,0,0
-7.120117202514672,4.0,0,1,1,1,0,0,0,0,0,0,1,0
29.934448386852466,2.0,1,0,0,0,0,0,0,0,0,1,1,0
18.583796906331532,3.0,0,0,0,0,0,0,1,0,1,0,0,0
-4.336329599440171,3.5,0,0,0,0,0,1,0,1,1,0,0,0
39.93708708783207,2.5,0,0,0,1,0,0,0,1,0,0,0,0
35.14538692636645,-18.5,0,0,0,0,1,0,0,0,0,0,0,0
35.82467830034595,2.0,0,0,0,0,0,0,0,0,0,1,0,0
14.526874280827105,2.5,0,0,0,0,0,0,0,0,0,0,1,0
-0.6782263884482855,3.5,1,1,0,1,0,0,0,0,0,1,0,0
28.435114995882117,22.0,0,0,0,0,0,0,0,0,0,0,0,1
20.00153900017591,-18.0,0,0,0,0,1,0,0,0,0,0,0,0
5.919865135961931,3.0,0,0,0,1,0,1,0,0,1,1,0,0
6.531050779433958,3.0,1,0,0,0,0,0,0,0,1,0,0,0
23.48163136683661,4.5,0,0,1,0,0,0,0,0,0,0,0,0
31.660956713538738,3.0,0,0,1,1,0,0,0,1,0,0,0,0
36.903367699992074,4.0,0,0,1,0,0,0,0,0,0,0,0,0
10.432246885278659,22.5,0,0,0,0,0,0,0,0,0,0,0,1
16.827941211407442,3.0,1,0,0,0,0,0,1,0,1,0,0,0
37.707938355045165,3.0,0,0,1,1,0,0,0,0,0,1,1,0
23.99751889243334,2.5,0,0,0,0,0,0,1,0,0,0,0,0
28.030150215946144,3.0,0,1,1,0,0,0,1,0,0,1,0,0
32.95204787724377,3.0,0,0,1,0,0,0,1,0,0,0,0,0
6.1767717484472335,3.5,0,0,0,0,0,0,0,0,1,0,0,0
31.26788256244638,2.5,1,1,0,0,0,0,0,0,0,0,1,0
8.43075892962786,3.0,1,0,0,1,0,0,0,1,0,0,0,0
20.501056934261495,3.0,0,0,0,0,0,0,0,1,1,0,1,0
-2.2730881182049494,3.0,0,0,0,0,0,0,1,0,0,1,0,0
2.660441886386625,4.5,0,1,1,0,0,1,0,0,0,0,0,0
14.536818889812452,2.5,1,0,0,0,0,0,0,0,0,1,0,0
1.3815873422014988,-17.5,0,0,0,0,1,0,0,0,0,0,0,0
9.067278499166761,3.5,0,0,1,0,0,0,1,0,0,0,1,0
3.6300155289112706,4.0,0,1,0,0,0,1,0,0,0,0,0,0
0.12756620120249806,3.5,1,0,0,1,0,0,0,1,0,1,0,0
15.927626801095556,3.5,1,0,1,0,0,0,0,0,0,0,0,0
32.47523854848741,2.0,1,0,0,0,0,0,0,0,0,1,0,0
18.89984688118253,3.0,1,1,0,0,0,1,0,0,0,1,0,0
16.92710064592311,2.5,0,0,0,0,0,0,0,0,0,1,0,0
0.751896115135601,5.0,0,0,1,0,0,0,0,0,0,0,0,0
9.85395955191478,3.0,0,0,0,1,0,0,0,0,1,1,1,0
33.586891357749536,2.0,1,0,0,0,0,0,0,0,0,0,0,0
-5.129494097040435,3.0,0,0,0,0,0,0,1,0,0,0,0,0
23.08283561177481,4.0,0,1,1,1,0,1,0,0,0,0,0,0
14.391747465214646,3.0,0,1,0,1,0,1,0,1,0,0,0,0
12.390269114803036,3.5,0,0,0,0,0,1,0,0,0,0,0,0
-9.549278289055954,3.0,0,0,0,0,0,0,0,0,0,1,0,0
37.530035024678284,3.0,0,1,0,0,0,0,0,0,1,0,0,0
36.1657877152755,-18.5,0,0,0,0,1,0,0,0,0,0,0,0
30.19727902884277,2.5,0,0,0,0,0,1,0,1,0,0,0,0
25.22395000211558,-18.5,0,0,0,0,1,0,0,0,0,0,0,0
6.308338200141787,3.5,0,0,0,1,0,0,0,0,0,0,0,0
6.734747816088095,3.0,0,0,0,0,0,0,0,1,1,0,0,0
-0.8655839990016645,3.5,0,1,0,1,0,1,1,0,0,0,0,0
36.64850440070437,2.0,0,0,0,0,0,0,0,1,0,0,1,0
-6.15590879616131,4.0,0,0,1,0,0,0,0,0,0,1,1,0
32.24227822031564,2.0,0,0,0,0,0,0,0,0,0,1,1,0
34.83662724422272,3.0,0,0,1,1,0,0,0,1,0,0,1,0
28.82457104825712,2.5,0,0,0,0,0,1,1,0,1,1,0,0
-5.727485040659199,23.0,0,0,0,0,0,0,0,0,0,0,0,1
29.213127582923036,2.5,0,0,0,0,0,0,0,0,1,0,1,0
19.38361214911313,3.5,0,0,0,0,0,1,0,0,0,0,0,0
-2.3581194784154347,5.0,0,0,1,0,0,0,0,0,0,0,0,0
19.036976617582628,3.0,0,1,0,0,0,0,0,1,0,0,0,0
25.75544626104525,2.5,0,0,0,0,0,1,0,0,0,0,1,0
-0.5569783914029252,3.5,0,1,0,1,0,1,1,0,0,0,0,0
36.65585849548893,2.5,0,1,0,0,0,0,0,1,0,0,0,0
36.934931412243905,2.0,1,0,0,0,0,0,0,0,0,0,1,0
-4.956326213190567,3.5,0,1,0,0,0,1,0,1,0,0,1,0
37.80077860054562,2.0,0,0,0,0,0,0,1,0,0,0,0,0
20.346404719061265,3.0,0,1,0,0,0,0,1,1,0,0,0,0
1.968468701049801,4.0,0,0,1,0,0,0,1,0,0,0,0,0
19.854087299623146,2.5,0,0,0,0,0,0,1,0,0,0,1,0
24.001959165741262,4.0,0,0,1,1,0,0,0,0,0,0,0,0
23.457139618881996,2.5,1,0,0,0,0,0,0,0,0,0,1,0
17.155267756664315,3.0,0,1,0,0,0,0,1,0,1,0,0,0
11.609076931952686,3.5,0,0,0,1,0,0,0,0,1,0,0,0
8.88100280356933,4.0,0,1,1,0,0,1,0,0,1,0,0,0
18.755535817555515,2.5,0,0,0,0,0,0,0,0,0,0,1,0
35.50821041514241,2.5,0,1,0,0,0,0,1,0,1,0,0,0
35.001585370908195,2.5,1,0,0,0,0,0,0,0,1,0,0,0
23.072132024400602,3.0,0,1,0,0,0,0,0,0,0,0,1,0
29.40897903578712,2.0,0,0,0,0,0,0,0,1,0,0,0,0
18.433361042833994,3.0,0,0,0,1,0,0,0,1,0,0,0,0
20.82372764872796,2.5,1,0,0,0,0,0,0,0,0,0,0,0
29.899140866835765,22.0,0,0,0,0,0,0,0,0,0,0,0,1
31.628594478891564,2.5,0,1,0,1,0,0,0,1,1,0,0,0
12.722303262694222,3.5,0,1,0,0,0,0,0,0,0,0,0,0
38.04529395562492,2.5,0,0,0,0,0,1,0,1,0,0,0,0
28.431029087967033,2.5,0,0,0,0,0,1,0,0,0,0,1,0
38.58276391468112,2.5,0,1,0,0,0,0,1,0,0,0,0,0
32.21443993238329,2.5,0,1,0,0,0,0,1,0,0,0,0,0
23.368129036171425,3.5,1,0,1,0,0,0,0,0,0,0,0,0
-3.6444260411025295,3.5,0,1,0,0,0,1,0,0,0,0,1,0
16.161256329656624,4.0,0,1,1,0,0,0,0,0,0,0,0,0
12.1880661002204,3.5,0,0,1,0,0,1,1,0,1,0,0,0
26.421859710443336,2.5,0,0,0,1,0,1,0,0,0,0,1,0
25.822680995000894,2.0,1,0,0,0,0,0,0,1,0,0,1,0
6.394153362665481,4.5,0,0,1,0,0,0,0,0,0,0,0,0
-5.040408524163222,3.5,1,0,0,1,0,0,0,0,0,0,1,0
19.474808853514972,3.0,0,0,0,0,0,0,0,0,1,1,0,0
-9.680547482263531,4.0,0,0,1,0,0,0,0,1,0,0,0,0
0.2960927199719663,3.5,1,0,0,0,0,0,0,0,1,0,1,0
-0.7271504432178411,3.5,0,0,0,0,0,1,1,0,0,0,0,0
-0.7260884533166827,3.5,0,0,0,1,0,1,0,0,0,0,1,0
30.08991254031082,2.0,0,0,0,0,0,0,0,1,0,0,0,0
37.283524093043546,2.0,0,0,0,0,0,0,0,0,0,1,0,0
-7.037805276240174,4.0,0,0,1,0,0,0,0,1,1,0,0,0
0.2549884131122706,4.0,0,1,1,1,0,0,1,0,0,0,0,0
10.227898394820748,2.5,0,0,0,0,0,0,0,1,0,0,0,0
19.653750565932164,3.5,0,0,0,0,0,1,0,0,0,0,0,0
22.958204103900115,2.5,0,0,0,0,0,0,1,0,0,0,0,0
23.340380932870048,3.0,1,0,0,0,0,0,0,0,1,0,1,0
19.64945265425075,3.0,1,0,0,0,0,1,0,1,0,0,1,0
20.325331577221142,3.5,0,0,0,0,0,0,0,0,1,0,0,0
-5.7046566479818175,3.5,0,0,0,1,0,1,0,0,0,1,0,0
7.3730744117646445,3.0,1,0,0,1,0,0,0,1,0,0,0,0
22.746332772737844,4.0,0,1,1,0,0,0,0,0,0,0,0,0
18.948210960892567,3.0,0,0,0,1,0,1,1,0,1,0,0,0
22.493373324834685,3.0,0,0,0,0,0,0,1,0,1,1,0,0
-3.657027162431544,3.5,1,0,0,1,0,0,0,1,0,0,0,0
25.827658092781768,2.5,1,0,0,0,0,1,0,0,1,0,0,0
-5.334694615563942,23.0,0,0,0,0,0,0,0,0,0,0,0,1
15.098645930580886,3.0,0,0,0,0,0,1,1,0,0,1,0,0
1.4336366833721783,3.0,1,0,0,0,0,0,0,0,0,0,0,0
28.749828005385673,3.0,0,0,1,1,0,0,0,0,0,1,0,0
-4.872536461965085,4.0,0,1,0,1,0,0,0,0,0,0,0,0
13.736067172088564,2.5,1,0,0,0,0,0,0,0,0,0,0,0
27.06670408748476,2.0,0,0,0,0,0,0,0,0,0,1,1,0
25.415906586965583,2.0,0,0,0,0,0,0,1,0,0,0,0,0
33.204773339811275,3.5,0,0,1,1,0,0,0,0,0,0,0,0
37.04988031253442,3.0,0,0,0,1,0,0,0,0,0,0,0,0
24.078417987969914,3.5,0,1,1,1,0,0,0,0,0,1,0,0
-1.1048190470989123,4.0,0,1,0,0,0,0,0,0,0,0,0,0
8.558512471208367,3.0,0,0,0,0,0,1,0,0,0,1,0,0
1.1574490937851323,4.0,0,1,0,0,0,0,0,0,0,0,0,0
6.766474147541533,3.0,1,1,0,0,0,0,0,0,0,0,1,0
31.465769693682084,-18.5,0,0,0,0,1,0,0,0,0,0,0,0
-9.995174250645896,4.0,0,0,0,1,0,0,0,0,1,0,0,0
16.605361561857993,3.5,0,1,0,0,0,0,0,0,0,0,0,0
7.572259740123158,3.5,0,0,0,0,0,0,0,0,1,0,0,0
-0.5207971628099077,3.5,0,0,0,0,0,0,1,1,1,0,0,0
25.18416704918979,3.0,0,1,0,0,0,0,0,0,1,0,0,0
-0.6408352044258123,23.0,0,0,0,0,0,0,0,0,0,0,0,1
22.74965322351646,3.5,0,0,1,0,0,0,1,0,0,0,0,0
21.217810393993716,2.5,0,0,0,0,0,0,1,0,0,0,0,0
36.43789675282596,2.5,1,1,0,0,0,1,0,0,0,0,0,0
-8.59062671702301,4.0,0,0,0,1,0,0,0,0,0,0,0,0
7.389978104531455,2.5,1,0,0,0,0,0,0,0,0,0,0,0
25.502213506187616,3.0,0,0,0,0,0,0,0,0,1,0,0,0
31.498561552382448,2.0,0,0,0,0,0,0,0,0,0,0,1,0
34.444571702660376,2.5,0,0,0,0,0,1,1,0,0,0,0,0
11.431744145882782,3.5,0,0,0,1,0,1,0,0,0,0,0,0
25.138349878482394,3.0,0,0,1,0,0,0,0,0,0,0,1,0
6.151020960809863,2.5,1,0,0,0,0,0,0,0,0,0,0,0
4.227552756597401,23.0,0,0,0,0,0,0,0,0,0,0,0,1
5.400949646874778,3.0,0,0,0,0,0,1,0,1,0,0,0,0
24.919637470410173,2.5,0,0,0,0,0,0,1,0,0,0,0,0
21.195023946624673,3.5,1,0,1,0,0,0,0,0,0,0,0,0
-4.681792550221477,4.0,0,0,0,0,0,1,0,0,0,0,0,0
10.566385295155147,2.5,0,0,0,0,0,0,0,0,0,1,1,0
13.727657844441612,4.5,0,0,1,0,0,0,0,0,0,0,0,0
0.25234910288344636,4.0,0,0,0,1,0,0,0,0,0,0,0,0
15.110991897309066,3.5,0,1,0,0,0,0,0,0,0,0,0,0
17.873555898885655,3.0,0,0,0,1,0,0,0,0,0,0,1,0
30.66197542207709,2.5,0,1,0,1,0,0,1,0,0,0,1,0
3.474177540654619,3.0,0,0,0,0,0,0,0,0,0,0,1,0
20.395987114811838,3.0,0,0,0,0,0,1,0,0,0,0,1,0
-5.456759188161467,23.0,0,0,0,0,0,0,0,0,0,0,0,1
17.2305154941122,3.0,0,0,0,0,0,1,1,1,0,0,0,0
3.0582715848691855,5.0,0,0,1,0,0,0,0,0,0,0,0,0
-6.959306242089194,3.5,0,0,0,1,0,0,0,0,1,1,0,0
29.316464635272688,2.5,1,0,0,0,0,0,0,0,1,0,0,0
2.0052943202458025,3.0,1,0,0,0,0,0,1,1,0,0,0,0
-9.85030959981423,23.0,0,0,0,0,0,0,0,0,0,0,0,1
3.400359362904817,4.0,0,1,1,0,0,0,0,1,0,0,1,0
11.806255502710087,2.5,0,0,0,0,0,0,0,0,0,1,0,0
4.184582645505728,3.0,0,0,0,0,0,0,0,0,0,0,1,0
11.044006032233547,2.5,0,0,0,0,0,0,0,0,0,0,1,0
13.45474074801092,22.5,0,0,0,0,0,0,0,0,0,0,0,1
-3.444024714472329,3.5,1,0,0,0,0,0,0,0,1,0,0,0
15.629456843946059,3.0,0,0,0,0,0,1,0,1,0,0,0,0
17.33259535473158,3.0,0,0,0,1,0,1,1,0,0,0,0,0
-4.113063421422682,4.0,0,0,0,0,0,0,0,0,1,0,0,0
6.222115941021219,3.0,0,0,0,0,0,1,0,1,0,0,0,0
4.876506520001993,4.0,0,1,0,0,0,0,0,0,0,0,0,0
-3.1572491047420073,4.0,0,0,1,1,0,0,1,0,0,0,0,0
13.192950874210744,2.5,0,0,0,0,0,0,0,0,0,0,1,0
31.405569384505178,2.0,1,0,0,0,0,0,0,0,0,0,0,0
31.732645354302726,2.0,0,0,0,0,0,0,1,1,0,0,0,0
9.235114708802652,3.5,0,0,1,0,0,0,0,0,0,1,0,0
24.361934077389158,-18.0,0,0,0,0,1,0,0,0,0,0,0,0
9.914363020370462,22.5,0,0,0,0,0,0,0,0,0,0,0,1
26.751665848169438,2.5,0,0,0,1,0,0,1,1,0,1,0,0
31.786031502430475,3.0,0,1,0,0,0,1,0,0,0,0,0,0
32.13860784478759,2.5,0,0,0,0,0,1,0,0,0,0,1,0
10.458223888413158,3.5,0,1,1,0,0,0,1,0,0,0,1,0
7.1049027272730925,2.5,0,0,0,0,0,0,0,0,0,1,1,0
12.905110665813979,3.5,0,0,1,1,0,0,0,1,0,0,0,0
-6.635649079191205,3.5,0,0,0,1,0,0,0,1,1,0,0,0
-4.852189803805132,3.5,0,1,0,0,0,0,1,0,0,0,1,0
-4.665032863787745,3.5,0,0,0,0,0,1,0,1,1,1,0,0
25.029142215388717,2.0,0,0,0,0,0,0,0,0,0,1,0,0
-6.97368748779226,4.0,0,0,0,1,0,0,0,0,0,0,0,0
12.364168433180637,3.5,0,0,1,1,0,1,0,0,0,1,0,0
36.76305588169883,3.0,0,1,1,0,0,0,0,0,0,0,1,0
27.627447744552555,3.0,0,1,1,0,0,0,0,0,0,0,1,0
-5.688491890985494,-17.5,0,0,0,0,1,0,0,0,0,0,0,0
4.841003991547803,23.0,0,0,0,0,0,0,0,0,0,0,0,1
8.018378471784562,2.5,0,0,0,0,0,0,0,1,0,0,0,0
31.28123125263651,3.0,0,0,1,0,0,1,1,0,0,1,0,0
28.458136735666045,2.0,0,0,0,0,0,0,0,1,0,1,1,0
34.557883630253166,2.0,1,0,0,0,0,0,0,0,0,0,0,0
8.084528725853144,2.5,0,0,0,0,0,0,0,0,0,0,1,0
4.469628966740695,4.0,0,0,0,1,0,0,0,0,0,0,0,0
25.5415663436942,2.5,0,0,0,1,0,0,0,1,1,0,0,0
21.604319499391725,3.5,0,0,0,0,0,0,0,0,1,0,0,0
23.05411478551136,3.0,0,0,0,1,0,0,0,1,1,0,1,0
29.378213783011788,2.5,0,0,0,0,0,1,1,0,1,0,0,0
10.691311342543312,3.0,0,0,0,0,0,0,1,0,1,0,0,0
6.742371439335045,-18.0,0,0,0,0,1,0,0,0,0,0,0,0
9.13859866194283,3.0,0,0,0,1,0,0,0,1,0,1,0,0
28.13750517292963,2.0,0,0,0,0,0,0,0,1,0,0,0,0
8.76410661012413,3.5,0,0,0,1,0,0,0,0,0,0,0,0
30.67442603030004,3.0,0,0,1,0,0,1,0,1,0,1,0,0
0.7431079360401185,3.0,1,0,0,0,0,0,0,0,0,0,0,0
22.64045413660248,2.5,0,0,0,0,0,0,1,0,0,0,1,0
2.14413533225523,4.5,0,1,1,0,0,0,0,0,1,0,0,0
17.936873410920693,4.0,0,1,1,1,0,0,0,0,1,0,0,0
24.31730823887831,3.5,0,0,1,0,0,0,0,0,1,0,1,0
11.292598628833165,3.0,1,0,0,1,0,0,0,0,0,0,0,0
-9.34065400952045,3.5,0,0,0,0,0,1,0,0,0,1,0,0
17.41450916709129,3.5,0,1,0,0,0,0,0,0,0,0,0,0
-8.121520732761747,4.5,0,0,1,0,0,0,0,0,1,0,0,0
-3.0199189737853924,4.0,0,0,1,0,0,1,0,1,0,1,0,0
-6.03849803154676,3.5,0,0,0,0,0,0,0,1,1,0,1,0
9.55073875852813,3.0,0,0,0,0,0,0,0,1,1,1,1,0
19.824640526107444,3.5,0,0,1,0,0,0,0,0,0,1,0,0
11.312506733836923,3.0,0,0,0,0,0,0,0,1,1,0,1,0
1.7561507191899732,4.0,1,0,1,1,0,0,0,0,0,0,1,0
-8.685136206503332,4.0,0,0,0,1,0,0,0,0,0,0,0,0
39.20797116097507,22.0,0,0,0,0,0,0,0,0,0,0,0,1
28.59925543028828,3.0,0,0,0,1,0,0,0,0,0,0,0,0
-2.096516539864826,3.0,0,0,0,0,0,0,0,0,0,0,1,0
24.07651734913042,3.5,1,0,1,1,0,0,0,0,0,0,0,0
39.44300413872658,2.0,0,0,0,0,0,0,0,1,0,0,0,0
18.198773973904373,3.0,0,0,0,0,0,1,0,1,0,0,0,0
-0.9137048191707375,3.0,1,0,0,0,0,0,0,0,0,0,0,0
11.520658025950624,3.0,0,0,0,0,0,1,0,1,1,0,0,0
-2.30215178132441,4.0,0,0,0,1,0,0,0,0,0,0,0,0
-4.867770165213416,3.0,0,0,0,0,0,0,0,1,0,0,0,0
-2.506758032777131,5.0,0,0,1,0,0,0,0,0,0,0,0,0
8.433050677104884,3.0,1,1,0,0,0,0,1,0,0,0,0,0
1.9672488313297798,4.5,0,0,1,0,0,1,0,0,1,0,0,0
2.9876224232924216,3.0,0,0,0,0,0,0,1,0,0,0,0,0
32.984086198780986,2.0,0,0,0,0,0,0,0,0,0,0,1,0
20.415035469374235,-18.0,0,0,0,0,1,0,0,0,0,0,0,0
17.090458607694323,2.5,1,0,0,0,0,0,1,0,0,0,0,0
28.263457759516015,2.0,0,0,0,0,0,0,0,1,0,0,0,0
-5.036704451280896,4.0,0,0,0,1,0,0,0,0,0,0,0,0
7.364909212730705,2.5,1,0,0,0,0,0,0,1,0,0,1,0
26.63330773328071,2.5,0,0,0,0,0,0,1,0,1,0,0,0
1.4081097248539045,4.0,0,1,1,0,0,0,1,0,0,0,0,0
26.6993032372528,-18.5,0,0,0,0,1,0,0,0,0,0,0,0
20.68225155589342,2.5,0,0,0,0,0,0,0,0,0,1,0,0
0.2052855014447328,4.0,1,1,1,0,0,0,0,0,0,0,0,0
38.725840885033065,3.0,0,0,0,0,0,1,0,0,0,0,0,0
-7.25532145651008,3.5,0,1,0,0,0,0,1,0,0,0,1,0
34.848385087599,2.5,0,0,0,0,0,1,1,0,1,0,0,0
25.9289612894161,2.5,1,0,0,0,0,0,0,0,1,0,1,0
-3.518893142753101,4.0,0,0,0,1,0,0,0,0,1,0,0,0
33.42388309147134,2.5,0,0,0,0,0,1,0,0,1,0,1,0
27.777219719690287,2.0,1,0,0,0,0,0,0,1,0,1,0,0
-4.698883477066525,4.0,0,0,0,0,0,1,0,0,1,0,0,0
27.826961406389515,3.0,0,1,1,0,0,0,0,0,1,1,0,0
-5.728720307854736,3.0,0,0,0,0,0,0,0,1,0,0,0,0
1.5668091239039033,3.5,0,1,0,0,0,0,1,1,0,0,1,0
28.991398419069228,2.5,1,0,0,0,0,0,0,0,1,1,0,0
-0.24636405461401445,4.0,1,1,1,1,0,0,0,0,0,0,0,0
30.537062781551434,2.5,0,0,0,0,0,0,0,1,1,0,0,0
23.480838873022947,2.5,1,0,0,0,0,0,0,0,0,0,0,0
3.9793762103997405,4.0,0,0,1,0,0,1,0,0,1,1,0,0
-5.633472481445741,3.0,0,0,0,0,0,0,1,1,0,0,0,0
9.111711375664836,3.0,0,0,0,0,0,1,0,1,0,1,0,0
36.036178928407374,2.5,0,0,0,0,0,0,0,1,1,1,0,0
2.7184999291853114,4.0,0,0,1,0,0,1,0,0,1,0,1,0
33.83377768836121,3.5,0,0,1,0,0,1,0,0,1,0,0,0
11.601087098201958,4.5,0,0,1,0,0,0,0,0,0,0,0,0
28.983337529773905,2.0,0,0,0,0,0,0,0,0,0,0,1,0
7.826689968745736,2.5,1,0,0,0,0,0,0,1,0,0,1,0
16.29758156578312,2.5,0,0,0,0,0,0,1,0,0,1,0,0
-1.4676805178655563,4.0,0,1,0,0,0,0,0,0,1,0,0,0
-9.971003827878752,4.0,0,0,0,0,0,0,0,0,1,0,0,0
38.55212858063119,2.5,0,0,0,1,0,0,0,1,0,0,0,0
-1.3368934853536825,3.0,0,0,0,0,0,0,1,0,0,0,0,0
11.800581557942312,3.5,0,0,1,0,0,0,0,1,1,0,0,0
6.130617059563988,3.5,0,0,0,0,0,0,0,0,1,0,0,0
19.920693575354846,3.5,0,0,1,0,0,0,0,1,0,0,0,0
26.7050012422198,2.5,0,0,0,1,0,0,0,0,0,0,1,0
-4.871730227456796,23.0,0,0,0,0,0,0,0,0,0,0,0,1
-9.277396194650896,3.5,0,0,0,0,0,0,1,0,1,0,0,0
5.2752702782743,3.0,0,0,0,0,0,0,1,0,1,1,0,0
-0.24080091875379495,3.5,1,1,0,0,0,0,0,0,0,1,0,0
29.450394983966277,3.5,0,1,1,0,0,0,0,0,0,0,0,0
7.190946917845956,3.5,0,1,0,0,0,0,0,0,0,0,0,0
-1.1071147799123633,3.5,0,0,0,1,0,0,0,1,0,0,0,0
-6.31659121483111,3.5,0,0,0,0,0,1,1,1,0,0,0,0
5.378207518970626,4.5,0,0,1,0,0,0,0,0,0,0,0,0
16.64154954589928,4.5,0,0,1,0,0,0,0,0,0,0,0,0
11.236127214357523,4.0,0,0,1,0,0,0,0,0,1,0,0,0
30.17031625162258,2.5,1,0,0,1,0,0,0,1,0,0,0,0
38.69122605297566,2.5,0,0,0,0,0,1,0,1,1,0,0,0
22.054150952356572,2.5,1,0,0,0,0,0,0,0,0,0,0,0
23.96002317449522,3.0,0,0,0,1,0,1,0,1,0,0,0,0
-9.765071947630807,3.5,0,0,0,0,0,1,0,1,1,0,0,0
8.545091477351484,4.0,0,1,1,0,0,0,0,0,0,0,0,0
1.552994061161387,4.0,0,1,0,0,0,0,0,0,0,0,0,0
2.4942537517601266,4.0,0,0,1,1,0,0,1,0,0,0,0,0
25.337017078045896,2.5,0,0,0,1,0,0,0,1,1,1,0,0
-3.048652497762607,3.0,1,0,0,0,0,0,0,1,0,0,0,0
36.573872424802694,2.0,1,0,0,0,0,0,0,1,0,0,0,0
36.94886120849956,3.0,0,1,0,0,0,0,0,0,0,0,0,0
-5.461725014644561,3.0,1,0,0,0,0,0,0,1,0,1,1,0
16.087266754817804,3.0,1,0,0,0,0,1,1,1,0,0,0,0
31.98917228223476,2.0,1,0,0,0,0,0,0,0,0,0,1,0
27.421231566459262,2.5,0,1,0,0,0,1,0,1,1,0,0,0
13.722415800624908,3.0,1,0,0,1,0,0,0,1,0,0,0,0
12.293073776285482,3.0,0,0,0,1,0,0,0,0,0,0,1,0
19.55620509587854,3.0,1,0,0,0,0,0,0,0,1,1,0,0
3.0397566001107474,3.5,0,1,0,0,0,0,0,1,0,1,1,0
-8.095453136927052,4.5,0,1,1,1,0,1,0,0,0,0,0,0
17.822822314851496,4.0,0,0,1,0,0,1,0,0,0,0,0,0
17.36955359392384,3.5,0,0,0,1,0,0,0,0,0,0,0,0
19.366405889616466,3.0,0,0,0,1,0,0,0,0,0,1,0,0
4.774440683001778,4.0,1,0,1,1,0,0,0,0,0,0,0,0
-3.46118277246907,3.5,0,0,0,0,0,0,0,0,1,1,0,0
23.080255364206913,4.0,0,0,1,0,0,1,0,0,0,0,0,0
10.9410048242467,3.5,1,0,1,0,0,0,0,0,0,0,0,0
-9.499767322419302,3.5,0,0,0,1,0,0,1,0,0,0,0,0
-3.0302574382878884,4.0,0,1,0,0,0,0,0,0,0,0,0,0
35.62096553934326,3.0,0,0,0,1,0,0,0,0,0,0,0,0
29.714854068600538,-18.5,0,0,0,0,1,0,0,0,0,0,0,0
14.385055808045408,3.5,0,0,0,0,0,0,0,0,1,0,0,0
13.124030356618906,3.0,1,1,0,0,0,1,0,0,0,0,0,0
-9.940902502593849,3.5,0,0,0,1,0,0,0,1,0,0,0,0
8.436545324167813,3.5,0,0,0,0,0,1,0,0,0,0,0,0
30.32282863705182,2.5,0,1,0,0,0,0,0,1,0,1,0,0
36.26473694599787,2.0,1,0,0,0,0,0,0,0,0,0,0,0
38.221079939106446,3.0,0,0,1,0,0,0,1,0,1,0,0,0
30.467491450591794,3.5,0,0,1,1,0,1,0,0,0,0,0,0
8.68457894705,2.5,0,0,0,0,0,0,1,0,0,1,0,0
1.2973734629816018,3.0,0,0,0,0,0,0,1,1,0,0,0,0
-6.779992782936319,4.0,0,1,0,0,0,1,0,0,0,0,0,0
34.206555363396994,3.0,0,1,1,0,0,0,0,0,0,0,1,0
-9.077055062937546,3.5,1,0,0,0,0,1,0,0,1,1,0,0
8.828954945200898,3.0,0,0,0,1,0,1,0,1,1,0,0,0
-0.697745988556111,3.5,1,0,0,0,0,1,1,0,0,0,0,0
26.037358213164985,2.5,1,0,0,1,0,1,0,0,0,0,0,0
24.213853458650377,3.0,0,0,0,0,0,1,0,1,0,0,0,0
21.45027161142743,2.5,0,0,0,0,0,0,0,1,0,0,0,0
-0.39968570014396754,4.0,0,0,0,1,0,0,0,0,0,0,0,0
-3.71976317647957,3.5,0,0,0,0,0,1,0,1,0,0,0,0
37.0197872600705,2.5,0,0,0,0,0,1,0,0,0,1,1,0
-7.448522926159237,3.5,1,0,0,1,0,0,0,0,0,0,0,0
32.934631760963555,2.0,1,0,0,0,0,0,0,1,0,0,0,0
15.677995462006269,2.5,0,0,0,0,0,0,0,0,0,1,0,0
-3.5399620369696763,3.0,0,0,0,0,0,0,0,0,0,1,1,0
23.58176547366547,3.0,0,0,0,1,0,0,1,1,0,1,0,0
16.56427546399973,3.0,1,1,0,0,0,0,0,1,1,0,0,0
20.595679543477083,3.0,0,0,0,1,0,0,1,0,0,0,0,0
0.6245105050836344,3.5,0,0,0,1,0,1,0,1,0,0,1,0
18.13781859875345,2.5,0,0,0,0,0,0,0,1,0,0,0,0
14.121188267258951,3.0,1,1,0,0,0,0,0,0,0,0,0,0
12.871421071189758,2.5,1,0,0,0,0,0,1,0,0,0,0,0
17.628481765982134,2.5,0,0,0,0,0,0,1,0,0,0,0,0
14.999745868654323,-18.0,0,0,0,0,1,0,0,0,0,0,0,0
11.005048614209187,3.5,0,0,1,0,0,0,1,0,0,0,0,0
10.290705160713578,3.5,1,0,1,0,0,1,0,1,0,0,0,0
2.468467810510125,3.5,1,1,0,0,0,0,0,0,1,0,0,0
7.549275809610666,3.0,1,0,0,0,0,0,0,0,1,0,1,0
19.723674626057832,3.0,0,1,0,0,0,1,0,0,0,1,0,0
10.595311164462377,3.0,0,1,0,1,0,0,1,1,0,0,0,0
17.793138390642063,2.5,1,0,0,0,0,0,0,0,0,0,0,0
33.62567974008681,2.5,1,1,0,1,0,0,0,0,0,0,1,0
24.37727679631078,3.5,0,0,0,0,0,0,0,0,1,0,0,0
4.330427884126252,4.0,0,1,0,0,0,0,0,0,0,0,0,0
2.816474234045799,3.5,1,0,0,0,0,0,1,0,1,0,1,0
7.365935586516144,-18.0,0,0,0,0,1,0,0,0,0,0,0,0
-0.31955613670035277,4.0,0,0,0,0,0,1,0,0,1,0,0,0
29.744438871047215,2.5,0,0,0,0,0,1,1,1,0,0,1,0
21.245879171108935,3.0,0,1,0,0,0,0,0,1,1,0,0,0
0.2976550061759493,4.0,0,0,0,0,0,1,0,0,0,0,0,0
18.867443375531828,3.5,0,1,1,0,0,0,0,0,0,1,0,0
-6.323042732673941,3.0,0,0,0,0,0,0,0,0,0,0,1,0
-5.2361377154256115,3.5,0,1,0,0,0,0,1,0,0,0,0,0
-6.765684939709928,3.5,1,0,0,0,0,1,0,0,1,1,0,0
21.587671576381727,2.5,1,0,0,0,0,0,0,0,0,1,1,0
32.50661176152507,2.5,0,0,0,1,0,1,0,0,0,1,0,0
15.134163865923654,3.0,1,0,0,0,0,1,0,0,0,0,0,0
-0.7636023577878426,3.5,1,1,0,0,0,1,0,1,0,0,0,0
-4.962497107169597,3.5,0,0,0,1,0,0,1,0,0,0,0,0
26.817115797762817,-18.5,0,0,0,0,1,0,0,0,0,0,0,0
29.91837311791602,2.0,0,0,0,0,0,0,1,0,0,0,0,0
14.589779847246618,3.5,0,0,1,0,0,0,0,0,0,1,0,0
11.08100355629034,3.0,1,1,0,1,0,0,0,0,1,0,0,0
7.659940279297871,3.5,0,1,0,1,0,0,0,0,0,0,0,0
3.0711108031987386,3.5,0,0,0,0,0,1,0,0,0,0,1,0
13.245409738994915,3.0,0,0,0,1,0,0,0,0,0,1,0,0
3.2602495125337843,3.0,0,0,0,0,0,0,1,0,0,0,0,0
5.179589078530714,3.0,0,0,0,0,0,0,0,0,1,0,1,0
1.1911907911562238,3.5,0,0,0,0,0,1,1,0,0,1,0,0
11.936256170894904,2.5,0,0,0,0,0,0,1,0,0,0,1,0
-3.0536283196648606,3.5,0,0,0,0,0,1,0,0,1,1,1,0
-7.218501626375975,3.0,0,0,0,0,0,0,0,1,0,0,1,0
0.0029100011504787915,3.5,0,1,0,0,0,1,0,1,0,0,1,0
-8.183088675498265,3.5,1,0,0,0,0,0,0,0,1,0,0,0
12.010087513226402,3.0,0,0,0,0,0,0,1,0,1,0,0,0
19.94173789457498,3.5,1,0,1,0,0,0,0,0,1,0,0,0
29.43791669964228,2.5,0,0,0,0,0,0,0,1,1,0,0,0
-0.16892345697965538,4.0,0,1,1,0,0,0,1,0,0,1,0,0
10.909351540217173,2.5,0,0,0,0,0,0,0,0,0,1,0,0
-5.657295532710523,4.0,0,0,1,0,0,1,0,1,0,0,0,0
-4.201951730965922,3.5,1,1,0,0,0,0,0,0,0,1,1,0
32.68038559373238,2.5,1,1,0,0,0,1,0,0,0,0,0,0
15.742659204995828,2.5,0,0,0,0,0,0,0,1,0,0,0,0
4.258569890205825,3.0,0,0,0,0,0,0,0,0,0,1,1,0
2.4176581553987138,3.5,1,1,0,0,0,0,0,0,0,0,0,0
1.6264635144412658,4.0,0,0,0,0,0,1,0,0,0,0,0,0
21.931694965844887,3.0,0,0,0,1,0,0,0,0,0,0,1,0
14.818894216056485,2.5,0,0,0,0,0,0,0,1,0,1,0,0
13.502821396112616,3.5,1,0,1,0,0,0,1,0,0,0,0,0
38.26880174829202,2.0,1,0,0,0,0,0,1,1,0,0,0,0
25.20348707515398,3.0,0,1,1,1,0,0,1,0,0,0,0,0
-3.471045007991826,3.0,0,0,0,0,0,0,0,1,0,0,0,0
18.204300129507214,4.0,0,0,1,1,0,0,0,0,0,0,0,0
-4.5842157502300385,4.0,1,0,1,0,0,0,1,0,1,0,0,0
2.0436672742666726,3.5,0,1,0,0,0,0,0,1,0,0,0,0
13.765206297171304,3.0,0,1,0,0,0,0,0,0,0,0,1,0
12.488735345767484,3.0,0,0,0,0,0,0,0,0,1,1,0,0
6.375454439249815,3.0,1,0,0,0,0,1,0,1,1,0,0,0
27.324760785910506,2.5,0,0,0,1,0,1,0,1,0,0,1,0
37.564757425636664,2.5,1,1,0,0,0,0,0,0,1,0,1,0
2.8984806378436403,3.5,0,0,0,1,0,0,0,0,0,0,1,0
28.875037558504175,22.0,0,0,0,0,0,0,0,0,0,0,0,1
3.599560471460242,3.5,0,1,0,1,0,0,0,0,1,1,0,0
3.944572794795329,4.0,0,0,0,1,0,0,0,0,0,0,0,0
-8.608575413529442,3.0,0,0,0,0,0,0,0,0,0,0,1,0
4.162583953940761,4.0,0,0,0,1,0,0,0,0,0,0,0,0
22.15710271240105,3.5,0,0,0,1,0,0,0,0,0,0,0,0
13.39651171198987,2.5,1,0,0,0,0,0,1,1,0,0,0,0
12.11085976263394,2.5,0,0,0,0,0,0,0,0,0,0,1,0
-0.030057086458409543,4.0,0,0,0,0,0,0,0,0,1,0,0,0
20.278604866587244,4.0,0,1,1,0,0,0,0,0,0,0,0,0
-0.2968966634775043,23.0,0,0,0,0,0,0,0,0,0,0,0,1
-3.81615511116681,3.0,1,0,0,0,0,0,0,0,0,1,1,0
14.588967431539238,2.5,0,0,0,0,0,0,1,0,0,0,0,0
39.932065017501365,2.5,0,1,0,0,0,0,0,0,0,0,1,0
-5.950389694300214,4.0,0,0,0,0,0,1,0,0,0,0,0,0
19.66753972486845,3.0,0,0,0,1,0,0,0,1,0,1,1,0
-0.7903760511850066,3.5,0,0,0,0,0,0,0,1,1,0,0,0
26.23668909305723,2.5,0,0,0,1,0,0,0,1,0,1,1,0
5.789944970539938,3.0,0,0,0,0,0,1,1,1,0,0,0,0
38.10882209938013,22.0,0,0,0,0,0,0,0,0,0,0,0,1
18.70118385444258,3.5,0,0,1,0,0,1,0,0,0,0,1,0
23.5677256693818,3.0,1,0,0,1,0,0,0,0,0,0,0,0
5.092079581010632,2.5,0,0,0,0,0,0,0,0,0,1,0,0
30.898513916179787,2.5,1,0,0,0,0,1,0,0,0,0,0,0
27.39407362951566,3.0,0,0,0,1,0,0,0,0,0,0,0,0
23.838539862069815,3.5,0,1,1,0,0,0,1,0,0,1,0,0
27.779436848791,3.0,0,1,1,0,0,1,0,0,0,1,0,0
17.366207784981405,2.5,1,0,0,0,0,0,1,0,0,0,0,0
19.34691294417403,3.0,1,0,0,0,0,0,0,0,1,0,0,0
-9.478555035417843,3.0,1,0,0,0,0,0,0,0,0,0,0,0
2.7088112947586254,23.0,0,0,0,0,0,0,0,0,0,0,0,1
-5.66951979530654,3.0,0,0,0,0,0,0,0,1,0,0,0,0
12.255406688700607,3.5,1,0,1,1,0,0,0,0,0,0,1,0
-7.3762841422410315,3.0,0,0,0,0,0,0,0,0,0,1,1,0
17.322989256760582,4.0,0,1,1,0,0,0,0,0,0,0,0,0
34.90293175248053,3.5,0,0,1,0,0,0,0,0,1,0,0,0
12.883772701848336,3.5,0,0,0,0,0,0,0,0,1,0,0,0
18.986508923966504,3.0,0,1,0,1,0,1,0,0,0,0,1,0
11.845674241126979,3.5,0,1,0,0,0,0,0,0,0,0,0,0
19.698833729042196,3.0,0,0,0,0,0,0,0,0,1,1,1,0
17.08521762778389,3.0,0,0,0,0,0,1,1,0,0,0,0,0
21.552314455102596,3.0,0,1,0,0,0,0,1,0,0,0,0,0
6.8494742233785075,3.5,0,0,0,0,0,1,0,0,0,0,0,0
-8.839962244378027,3.0,0,0,0,0,0,0,0,0,0,1,0,0
6.707679667177533,3.0,1,1,0,0,0,0,0,1,0,0,0,0
3.390694039421474,3.5,1,0,0,0,0,1,0,1,0,0,0,0
9.061955119669932,3.0,0,1,0,0,0,0,0,0,0,0,1,0
11.03695639450482,3.5,0,0,1,1,0,0,0,1,0,0,0,0
15.58838821699058,3.5,0,0,1,1,0,0,0,1,0,1,0,0
0.46737603023337115,3.0,0,0,0,0,0,0,0,1,0,0,0,0
33.454038763131194,3.5,0,1,1,0,0,0,0,0,0,0,0,0
37.43320243507509,2.0,0,0,0,0,0,0,1,0,0,0,0,0
1.166173116222005,4.0,1,0,1,0,0,0,0,0,1,0,1,0
37.155033750777704,2.0,0,0,0,0,0,0,1,1,0,0,0,0
28.577075873130703,3.0,0,0,0,0,0,0,0,0,1,0,0,0
18.4114701911479,3.5,0,0,0,0,0,1,0,0,0,0,0,0
1.8113396096043939,4.0,0,0,0,0,0,1,0,0,0,0,0,0
11.038625305983693,22.5,0,0,0,0,0,0,0,0,0,0,0,1
28.041290639585768,2.0,0,0,0,0,0,0,0,1,0,1,0,0
31.206458677915258,3.0,0,0,0,1,0,0,0,0,0,0,0,0
23.942621210682063,3.0,0,1,0,0,0,0,0,1,1,0,1,0
39.82788439668181,3.0,0,1,0,0,0,1,0,0,0,0,0,0
23.569601909532324,2.5,0,0,0,0,0,0,0,0,0,0,1,0
28.962832067176315,2.0,0,0,0,0,0,0,0,1,0,1,0,0
-8.950547582403658,4.0,0,0,0,0,0,1,0,0,0,0,0,0
21.422045688653295,3.0,0,0,0,0,0,1,1,0,0,1,0,0
0.2534079893849661,5.0,0,0,1,0,0,0,0,0,0,0,0,0
25.265232911696636,3.0,0,1,1,0,0,0,1,0,1,0,0,0
5.50921867893279,3.0,0,1,0,0,0,0,1,0,0,0,0,0
29.3066220738324,2.0,0,0,0,0,0,0,0,0,0,1,0,0
18.092315445268856,3.5,0,0,0,0,0,0,0,0,1,0,0,0
-4.885094786907359,5.0,0,0,1,0,0,0,0,0,0,0,0,0
-6.004098363294549,4.0,0,1,0,0,0,1,0,0,1,0,0,0
